{"name": "\u043d\u0435\u043e\u0440\u0438\u0435\u043d\u0442\u0438\u0440\u043e\u0432\u0430\u043d\u043d\u044b\u04392", "id": "105", "graph": "{\"nodes\":[{\"name\":\"vertex0\",\"color\":\"#F5A9A9\",\"figure\":\"ball\",\"x\":425,\"y\":541},{\"name\":\"vertex1\",\"color\":\"#F5A9A9\",\"figure\":\"ball\",\"x\":123,\"y\":826}],\"edges\":[{\"firstNode\":\"vertex0\",\"secondNode\":\"vertex1\",\"color\":\"#F2F5A9\",\"coords\":\"M 429.7833694021443 539.5441919210865 Q 327 219 128 821 L 118 831 Q 327 219 420.2166305978557 542.4558080789135 Z\",\"besieX\":327,\"besieY\":219,\"isArc\":true}],\"oriented\":false}"}