{"name": "undefined", "id": "53", "graph": "{\"nodes\":[{\"name\":\"vertex0\",\"color\":\"#F5A9A9\",\"figure\":\"ball\",\"x\":795,\"y\":128},{\"name\":\"vertex1\",\"color\":\"#F5A9A9\",\"figure\":\"ball\",\"x\":475,\"y\":342},{\"name\":\"vertex2\",\"color\":\"#F5A9A9\",\"figure\":\"ball\",\"x\":767,\"y\":494}],\"edges\":[{\"firstNode\":\"vertex0\",\"secondNode\":\"vertex1\",\"color\":\"#F2F5A9\",\"coords\":\"M 796.3993751508616 123.19981779646322 Q 500 42 475 342 Q 500 42 793.6006248491384 132.80018220353676 Z\",\"besieX\":500,\"besieY\":42,\"isArc\":true},{\"firstNode\":\"vertex0\",\"secondNode\":\"vertex2\",\"color\":\"#F2F5A9\",\"coords\":\"M 797.518444680753 123.68057453010391 Q 1090 300 767 494 Q 1090 300 792.481555319247 132.3194254698961 Z\",\"besieX\":1090,\"besieY\":300,\"isArc\":true}],\"oriented\":true}"}