{"name": "\u0433\u0440\u0430\u0444", "id": "112", "graph": "{\"nodes\":[{\"name\":\"vertex0\",\"color\":\"#F5A9A9\",\"figure\":\"ball\",\"x\":765,\"y\":234},{\"name\":\"vertex1\",\"color\":\"#F5A9A9\",\"figure\":\"ball\",\"x\":472,\"y\":369},{\"name\":\"vertex2\",\"color\":\"#F5A9A9\",\"figure\":\"ball\",\"x\":657,\"y\":443}],\"edges\":[{\"firstNode\":\"vertex0\",\"secondNode\":\"vertex2\",\"color\":\"#F2F5A9\",\"coords\":\"M 769.4419850705377 236.29537984506257 Q 769.4419850705377 236.29537984506257 657 443 Q 657 443 760.5580149294623 231.70462015493743 Z\",\"besieX\":0,\"besieY\":0,\"isArc\":false}],\"oriented\":true}"}