{"name": "undefined", "id": "52", "graph": "{\"nodes\":[{\"name\":\"vertex0\",\"color\":\"#F5A9A9\",\"figure\":\"ball\",\"x\":759,\"y\":102},{\"name\":\"vertex1\",\"color\":\"#F5A9A9\",\"figure\":\"ball\",\"x\":570,\"y\":488},{\"name\":\"vertex3\",\"color\":\"#F5A9A9\",\"figure\":\"polygon\",\"x\":599,\"y\":820}],\"edges\":[{\"firstNode\":\"vertex0\",\"secondNode\":\"vertex1\",\"color\":\"#F2F5A9\",\"coords\":\"M 761.1599588355258 97.49061225565666 Q 997 216 570 488 Q 997 216 756.8400411644742 106.50938774434334 Z\",\"besieX\":997,\"besieY\":216,\"isArc\":true},{\"firstNode\":\"vertex1\",\"secondNode\":\"vertex3\",\"color\":\"#F2F5A9\",\"coords\":\"M 572.375458318151 492.39968155424083 Q 94 745 599 820 Q 94 745 567.624541681849 483.60031844575917 Z\",\"besieX\":94,\"besieY\":745,\"isArc\":true}],\"oriented\":true}"}