{"name": "new graph", "id": "57", "graph": "{\"nodes\":[{\"name\":\"vertex0\",\"color\":\"#F5A9A9\",\"figure\":\"ball\",\"x\":700,\"y\":283},{\"name\":\"vertex1\",\"color\":\"#F5A9A9\",\"figure\":\"ball\",\"x\":560,\"y\":454},{\"name\":\"vertex2\",\"color\":\"#F5A9A9\",\"figure\":\"ball\",\"x\":772,\"y\":442}],\"edges\":[{\"firstNode\":\"vertex0\",\"secondNode\":\"vertex2\",\"color\":\"#F2F5A9\",\"coords\":\"M 704.5547709011097 280.93746223345977 Q 704.5547709011097 280.93746223345977 776.5547709011097 439.93746223345977 L 767.4452290988903 444.06253776654023 Q 772 442 695.4452290988903 285.06253776654023 Z\",\"besieX\":0,\"besieY\":0,\"isArc\":false},{\"firstNode\":\"vertex0\",\"secondNode\":\"vertex1\",\"color\":\"#F2F5A9\",\"coords\":\"M 703.868778280543 286.1674208144796 Q 703.868778280543 286.1674208144796 563.868778280543 457.1674208144796 L 556.131221719457 450.8325791855204 Q 560 454 696.131221719457 279.8325791855204 Z\",\"besieX\":0,\"besieY\":0,\"isArc\":false}],\"oriented\":false}"}