{"name": "undirected first graph", "id": "62", "graph": "{\"nodes\":[{\"name\":\"vertex0\",\"color\":\"#F5A9A9\",\"figure\":\"ball\",\"x\":419,\"y\":710},{\"name\":\"vertex1\",\"color\":\"#F5A9A9\",\"figure\":\"ball\",\"x\":474,\"y\":212},{\"name\":\"vertex2\",\"color\":\"#F5A9A9\",\"figure\":\"ball\",\"x\":784,\"y\":456}],\"edges\":[{\"firstNode\":\"vertex1\",\"secondNode\":\"vertex2\",\"color\":\"#F2F5A9\",\"coords\":\"M 474.81374635791707 207.0666627051278 Q 668 244 789 451 L 779 461 Q 668 244 473.18625364208293 216.9333372948722 Z\",\"besieX\":668,\"besieY\":244,\"isArc\":true},{\"firstNode\":\"vertex0\",\"secondNode\":\"vertex1\",\"color\":\"#F2F5A9\",\"coords\":\"M 423.720855598978 711.6472772728349 Q 501 475 479 207 L 469 217 Q 501 475 414.279144401022 708.3527227271651 Z\",\"besieX\":501,\"besieY\":475,\"isArc\":true}],\"oriented\":false}"}