{"name": "first test graph", "id": "60", "graph": "{\"nodes\":[{\"name\":\"vertex0\",\"color\":\"#F5A9A9\",\"figure\":\"polygon\",\"x\":595,\"y\":219},{\"name\":\"vertex1\",\"color\":\"#F5A9A9\",\"figure\":\"ball\",\"x\":319,\"y\":406},{\"name\":\"vertex2\",\"color\":\"#F5A9A9\",\"figure\":\"ball\",\"x\":791,\"y\":436}],\"edges\":[{\"firstNode\":\"vertex0\",\"secondNode\":\"vertex1\",\"color\":\"#F2F5A9\",\"coords\":\"M 597.4718163231872 214.65372296506249 Q 384 99 319 406 Q 384 99 592.5281836768128 223.34627703493751 Z\",\"besieX\":384,\"besieY\":99,\"isArc\":true},{\"firstNode\":\"vertex0\",\"secondNode\":\"vertex2\",\"color\":\"#F2F5A9\",\"coords\":\"M 595.6219132523123 223.9611716264002 Q 946 175 791 436 Q 946 175 594.3780867476877 214.0388283735998 Z\",\"besieX\":946,\"besieY\":175,\"isArc\":true}],\"oriented\":true}"}