{"name": "\u043e\u0440\u0438\u0435\u043d\u0442\u0438\u0440\u043e\u0432\u0430\u043d\u043d\u044b\u04392", "id": "122", "graph": "{\"nodes\":[{\"name\":\"vertex0\",\"color\":\"#F5A9A9\",\"figure\":\"ball\",\"x\":970,\"y\":695},{\"name\":\"vertex1\",\"color\":\"#F5A9A9\",\"figure\":\"ball\",\"x\":862,\"y\":195}],\"edges\":[{\"firstNode\":\"vertex0\",\"secondNode\":\"vertex1\",\"color\":\"#F2F5A9\",\"coords\":\"M 970.5607444981614 690.031542934896 Q 589 652 862 195 Q 589 652 969.4392555018386 699.968457065104 Z\",\"besieX\":589,\"besieY\":652,\"isArc\":true}],\"oriented\":true}"}