{"name": "undefined", "id": "99", "graph": "{\"nodes\":[{\"name\":\"vertex0\",\"color\":\"#F5A9A9\",\"figure\":\"ball\",\"x\":635,\"y\":365},{\"name\":\"vertex1\",\"color\":\"#F5A9A9\",\"figure\":\"ball\",\"x\":936,\"y\":404}],\"edges\":[{\"firstNode\":\"vertex1\",\"secondNode\":\"vertex0\",\"color\":\"#F2F5A9\",\"coords\":\"M 936.6424701170697 399.04144858364134 Q 936.6424701170697 399.04144858364134 635 365 Q 635 365 935.3575298829303 408.95855141635866 Z\",\"besieX\":0,\"besieY\":0,\"isArc\":false}],\"oriented\":true}"}