{"name": "undefined", "id": "58", "graph": "{\"nodes\":[{\"name\":\"vertex0\",\"color\":\"#F5A9A9\",\"figure\":\"ball\",\"x\":354,\"y\":184},{\"name\":\"vertex1\",\"color\":\"#F5A9A9\",\"figure\":\"ball\",\"x\":213,\"y\":488},{\"name\":\"vertex2\",\"color\":\"#F5A9A9\",\"figure\":\"ball\",\"x\":459,\"y\":466}],\"edges\":[{\"firstNode\":\"vertex0\",\"secondNode\":\"vertex2\",\"color\":\"#F2F5A9\",\"coords\":\"M 358.68573025101637 182.2553132044088 Q 358.68573025101637 182.2553132044088 459 466 Q 459 466 349.31426974898363 185.7446867955912 Z\",\"besieX\":0,\"besieY\":0,\"isArc\":false}],\"oriented\":true}"}